model,split,horizon_hours,samples,MAE,RMSE,R2,MAPE
LightGBM,test,1,28568,3.177641707756431,5.724089934181241,0.965783010423048,6.526775684179801
LightGBM,test,3,28568,7.973761560749822,12.253699275694185,0.8431414574479581,17.094685295812344
LightGBM,test,6,28568,12.277495818304093,17.584459721229987,0.6774668100544222,28.635147427060065
